Period,SPX 1 Year Change
T1,0.039148286
T2,-0.038872073
T3,0.2692574
T4,0.276645796
T5,0.002040515
T6,0.087252798
T7,0.19262902
T8,-0.025299478
T9,0.135530902
T10,0.19853251
T11,0.028949437
T12,0.21245591
T13,0
