Period,SPX 1 Year Change
1978 - 1979,0.039148286
1980 - 1981,-0.038872073
1982 - 1983,0.2692574
1988 - 1989,0.276645796
1989 - 1990,0.002040515
1990 - 1991,0.087252798
1998 - 1999,0.19262902
2000 - 2001,-0.025299478
2005 - 2006,0.135530902
2006 - 2007,0.19853251
2007 - 2008,0.028949437
2019 - 2020,0.21245591
2022 - 2023,0
